<?xml version="1.0" encoding="UTF-8"?>
<ar:ApplicationResponse xmlns="urn:oasis:names:specification:ubl:schema:xsd:Invoice-2" xmlns:ar="urn:oasis:names:specification:ubl:schema:xsd:ApplicationResponse-2" xmlns:ext="urn:oasis:names:specification:ubl:schema:xsd:CommonExtensionComponents-2" xmlns:cbc="urn:oasis:names:specification:ubl:schema:xsd:CommonBasicComponents-2" xmlns:cac="urn:oasis:names:specification:ubl:schema:xsd:CommonAggregateComponents-2" xmlns:ds="http://www.w3.org/2000/09/xmldsig#" xmlns:soap="http://schemas.xmlsoap.org/soap/envelope/" xmlns:date="http://exslt.org/dates-and-times" xmlns:sac="urn:sunat:names:specification:ubl:peru:schema:xsd:SunatAggregateComponents-1" xmlns:xs="http://www.w3.org/2001/XMLSchema" xmlns:regexp="http://exslt.org/regular-expressions"><ext:UBLExtensions xmlns=""><ext:UBLExtension><ext:ExtensionContent><Signature xmlns="http://www.w3.org/2000/09/xmldsig#">
<SignedInfo>
  <CanonicalizationMethod Algorithm="http://www.w3.org/2001/10/xml-exc-c14n#WithComments"/>
  <SignatureMethod Algorithm="http://www.w3.org/2001/04/xmldsig-more#rsa-sha512"/>
  <Reference URI="">
    <Transforms>
      <Transform Algorithm="http://www.w3.org/2000/09/xmldsig#enveloped-signature"/>
      <Transform Algorithm="http://www.w3.org/2001/10/xml-exc-c14n#WithComments"/>
    </Transforms>
    <DigestMethod Algorithm="http://www.w3.org/2001/04/xmlenc#sha512"/>
    <DigestValue>7GkapMor2fSWJxYCONtBPA9/jXKid+B2jIExujDaP4/vmf8oPvXX0IQqhvBbXAAGWUSfVgCHDkOn9gMmI921Qg==</DigestValue>
  </Reference>
</SignedInfo>
    <SignatureValue>*Private key 'BetaPublicCert' not up*</SignatureValue><KeyInfo><X509Data><X509Certificate>*Named certificate 'BetaPrivateKey' not up*</X509Certificate><X509IssuerSerial><X509IssuerName>*Named certificate 'BetaPrivateKey' not up*</X509IssuerName><X509SerialNumber>*Named certificate 'BetaPrivateKey' not up*</X509SerialNumber></X509IssuerSerial></X509Data></KeyInfo></Signature></ext:ExtensionContent></ext:UBLExtension></ext:UBLExtensions><cbc:UBLVersionID>2.0</cbc:UBLVersionID><cbc:CustomizationID>1.0</cbc:CustomizationID><cbc:ID>1755451922222</cbc:ID><cbc:IssueDate>2025-08-17T12:30:38</cbc:IssueDate><cbc:IssueTime>00:00:00</cbc:IssueTime><cbc:ResponseDate>2025-08-17</cbc:ResponseDate><cbc:ResponseTime>13:32:02</cbc:ResponseTime><cac:Signature><cbc:ID>SignSUNAT</cbc:ID><cac:SignatoryParty><cac:PartyIdentification><cbc:ID>20131312955</cbc:ID></cac:PartyIdentification><cac:PartyName><cbc:Name>SUNAT</cbc:Name></cac:PartyName></cac:SignatoryParty><cac:DigitalSignatureAttachment><cac:ExternalReference><cbc:URI>#SignSUNAT</cbc:URI></cac:ExternalReference></cac:DigitalSignatureAttachment></cac:Signature><cbc:Note>4094 - La direcci&#243;n completa y detallada del domicilio fiscal del emisor no cumple con el formato establecido - INFO: 4094 (nodo: "cac:AddressLine/cbc:Line" valor: "")</cbc:Note><cbc:Note>4096 - La provincia del domicilio fiscal del emisor no cumple con el formato establecido - INFO: 4096 (nodo: "cac:RegistrationAddress/cbc:CityName" valor: "")</cbc:Note><cbc:Note>4093 - El codigo de ubigeo del domicilio fiscal del emisor no es v&#225;lido - : 4093: Valor no se encuentra en el catalogo: 13 (nodo: "cac:RegistrationAddress/cbc:ID" valor: "")</cbc:Note><cbc:Note>4097 - El departamento del domicilio fiscal del emisor no cumple con el formato establecido - INFO: 4097 (nodo: "cac:RegistrationAddress/cbc:CountrySubentity" valor: "")</cbc:Note><cbc:Note>4098 - El distrito del domicilio fiscal del emisor no cumple con el formato establecido - INFO: 4098 (nodo: "cac:RegistrationAddress/cbc:District" valor: "")</cbc:Note><cbc:Note>4041 - El codigo de pais debe ser PE - INFO: 4041 (nodo: "cac:Country/cbc:IdentificationCode" valor: "")</cbc:Note><cbc:Note>4198 - El XML no contiene el tag o no existe informaci&#243;n del c&#243;digo de local anexo del emisor - INFO: 4198 (nodo: "cac:RegistrationAddress/cbc:AddressTypeCode" valor: "")</cbc:Note><cac:SenderParty><cac:PartyIdentification><cbc:ID>20131312955</cbc:ID></cac:PartyIdentification></cac:SenderParty><cac:ReceiverParty><cac:PartyIdentification><cbc:ID>20161515648</cbc:ID></cac:PartyIdentification></cac:ReceiverParty><cac:DocumentResponse><cac:Response><cbc:ReferenceID>B001-00000023</cbc:ReferenceID><cbc:ResponseCode>0</cbc:ResponseCode><cbc:Description>La Boleta numero B001-00000023, ha sido aceptada</cbc:Description></cac:Response><cac:DocumentReference><cbc:ID>B001-00000023</cbc:ID></cac:DocumentReference><cac:RecipientParty><cac:PartyIdentification><cbc:ID>6-76881855</cbc:ID></cac:PartyIdentification></cac:RecipientParty></cac:DocumentResponse></ar:ApplicationResponse>